Sample,Lat,Long,AFT,AFT_STD,Ahe,Ahe_STD,Ref
P2,60.85,-148.43,12.4,1.5,6,0.5,Arkle et al 2013
P3,60.79,-148.1,15.4,1.6,9.1,0.4,Arkle et al 2013
P4,60.89,-147.34,,,20.7,2.7,Arkle et al 2013
P5,60.88,-147.36,16.4,3,18.1,1.5,Arkle et al 2013
P6,60.95,-147.41,21.1,1.4,5.6,0.6,Arkle et al 2013
P7,61,-147.42,,,15,3.8,Arkle et al 2013
P12,61.05,-147.52,10,1,7.2,0.3,Arkle et al 2013
P13,60.91,-148.01,10.7,1,4.8,0.2,Arkle et al 2013
P16,61.14,-147.83,6.5,0.8,4,0.6,Arkle et al 2013
P21,61.2,-147.71,6.5,1.1,3.8,0.7,Arkle et al 2013
P24,61.07,-148.12,12.6,1.8,4.2,0.3,Arkle et al 2013
P31,60.97,-148.21,12,2.3,4,0.6,Arkle et al 2013
P32,60.51,-148.37,23.5,3.5,12.8,3,Arkle et al 2013
P33,60.67,-148.19,21.5,2.5,10.1,1.2,Arkle et al 2013
P34,60.47,-147.96,36.6,3.2,12.1,2.3,Arkle et al 2013
P35,59.96,-147.68,4.4,0.5,1.4,0.1,Arkle et al 2013
P37,60.09,-147.91,32.6,5.9,9.7,0.9,Arkle et al 2013
P42,60.73,-147.97,37.4,4.6,16,5,Arkle et al 2013
P43,60.81,-147.97,15.3,1.9,9.7,1.4,Arkle et al 2013
P44,60.87,-147.93,13.8,1.6,6.6,0.4,Arkle et al 2013
P45,60.89,-148.1,10.8,2,4.9,0.1,Arkle et al 2013
WH1,60.78,-148.71,,,15.7,1.7,Arkle et al 2013
P52,61.26,-147.7,,,3.8,0.5,Arkle et al 2013
P53,61.18,-147.87,8.4,1,5.3,0.5,Arkle et al 2013
P54,61.06,-148,8.5,1.3,5.2,0.3,Arkle et al 2013
P58,61.06,-148.25,13.3,1.4,6.4,0.4,Arkle et al 2013
P59,61.06,-148.39,,,4.9,0.8,Arkle et al 2013
P60,61.1,-148.33,,,8.2,0.8,Arkle et al 2013
P61,61.1,-148.32,,,5.1,1.2,Arkle et al 2013
P62,61.1,-148.31,,,6.7,0.2,Arkle et al 2013
P63,61.1,-148.31,,,7.9,0.6,Arkle et al 2013
P64,61.08,-148.27,,,5.9,0.1,Arkle et al 2013
P65,61.34,-147.54,,,6.6,0.8,Arkle et al 2013
P66,61.5,-147.85,,,7.6,0.7,Arkle et al 2013
P67,61.67,-148.13,,,10.8,1.3,Arkle et al 2013
P68,61.61,-148.13,,,8.4,1.4,Arkle et al 2013
P69,61.39,-148.13,,,7.3,1,Arkle et al 2013
P70,61.27,-148.55,,,4.7,0.9,Arkle et al 2013
01BAL,63.6326,-146.8637,6.7,1.6,,,Benowitz et al 2011
05PH001A,63.5952,-146.9522,5.1,0.8,,,Benowitz et al 2011
05PH002A,63.573,-146.9057,3.5,0.8,,,Benowitz et al 2011
05PH005A,63.5291,-147.0158,2.8,0.5,,,Benowitz et al 2011
05PH005B,63.5291,-147.0158,2.9,0.6,,,Benowitz et al 2011
05PH006A,63.5386,-147.0736,2.7,0.2,,,Benowitz et al 2011
05NEN,63.5098,-147.8843,1.2,0.3,,,Benowitz et al 2011
22DEB,63.5391,-147.3237,3.3,0.5,,,Benowitz et al 2011
05PH003A,63.5043,-146.8302,15.5,1.3,,,Benowitz et al 2011
02Bull,63.3859,-149.5753,45.03,5.46,,,Benowitz et al 2011
01BAL,63.6326,-146.8637,6.7,1.6,,,Benowitz et al 2022
05PH001A,63.5952,-146.9522,5.1,0.8,,,Benowitz et al 2022
05PH002A,63.573,-146.9057,3.5,0.8,,,Benowitz et al 2022
05PH005A,63.5291,-147.0158,2.8,0.5,,,Benowitz et al 2022
05PH005B,63.5291,-147.0158,2.9,0.6,,,Benowitz et al 2022
05PH006A,63.5386,-147.0736,2.7,0.2,,,Benowitz et al 2022
05NEN,63.5098,-147.8843,1.2,0.3,,,Benowitz et al 2022
22DEB,63.5391,-147.3237,3.3,0.5,,,Benowitz et al 2022
05PH003A,63.5043,-146.8302,15.5,1.3,,,Benowitz et al 2022
02Bull,63.3859,-149.5753,45.03,5.46,,,Benowitz et al 2022
04Mud,63.3563,-150.3775,29.92,59.91,,,Benowitz et al 2022
15Mud,63.2488,-150.5553,6.41,1.97,,,Benowitz et al 2022
14Mud,63.2449,-150.6494,10.88,3.35,,,Benowitz et al 2022
11Mud,63.2336,-150.7311,6.89,4.49,,,Benowitz et al 2022
07Mud,63.2071,-150.8454,4.32,2.82,,,Benowitz et al 2022
08 Mud,63.2054,-150.8519,3.6,1.38,,,Benowitz et al 2022
22Peter,63.2051,-150.934,4.54,2.38,,,Benowitz et al 2022
18Peter,63.1872,-151.0116,2.16,0.71,,,Benowitz et al 2022
16Peter,63.1616,-151.0838,2.43,1.95,,,Benowitz et al 2022
15Peter,63.1532,-151.0987,1.03,6.58,,,Benowitz et al 2022
28Ched,63.0506,-151.3756,5.31,2.69,,,Benowitz et al 2022
19Ched,63.0487,-151.4349,25.74,8.73,,,Benowitz et al 2022
30Ched,62.9802,-151.6217,24.33,7.45,,,Benowitz et al 2022
07Ched,62.917,-151.7897,9.39,7.57,,,Benowitz et al 2022
06Ched,62.9134,-151.8289,17.65,6.72,,,Benowitz et al 2022
05Ched,62.848,-151.9961,9.85,2.81,,,Benowitz et al 2022
03Bull,63.3455,-149.5565,60.42,9.51,,,Benowitz et al 2022
02Mud,63.1991,-150.5294,7.85,2.68,,,Benowitz et al 2022
28Peter,63.2077,-150.7775,6.39,4.52,,,Benowitz et al 2022
06 Mud,63.1093,-150.883,2.72,1.04,,,Benowitz et al 2022
21Peter,63.1947,-150.9296,3.1,1.28,,,Benowitz et al 2022
13Peter,63.1797,-150.9862,2.29,1.05,,,Benowitz et al 2022
14Peter,63.1459,-151.0721,3.83,1.63,,,Benowitz et al 2022
27Ched,63.0514,-151.3755,2.62,3.29,,,Benowitz et al 2022
15Ched,63.0341,-151.4102,3.74,2.08,,,Benowitz et al 2022
20Ched,63.0094,-151.4455,2.62,1.59,,,Benowitz et al 2022
31Ched,62.9756,-151.624,3.72,2.44,,,Benowitz et al 2022
11Ched,62.9537,-151.6961,3.54,2.22,,,Benowitz et al 2022
10Ched,62.9322,-151.7387,4.74,1.9,,,Benowitz et al 2022
08Ched,62.9148,-151.7874,6.45,4.59,,,Benowitz et al 2022
04Ched,62.839,-151.9643,5.98,1.86,,,Benowitz et al 2022
01Rip,62.7764,-152.2229,4.81,1.92,,,Benowitz et al 2022
02CAN,63.3644,-145.6361,10.15,2.27,,,Benowitz et al 2022
01JAR,63.7525,-145.6515,41.87,2.46,39.99,2.56,Benowitz et al 2022
01HAJ,63.5631,-145.1136,27.38,2.4,,,Benowitz et al 2022
91SUS,63.5263,-147.05,7.02,0.95,,,Benowitz et al 2022
10ANK001,63.806,-147.3629,6.19,0.91,3.62,0.48,Benowitz et al 2022
10ANK002,63.7702,-147.1418,7.17,0.71,,,Benowitz et al 2022
10ANK003,63.7747,-147.2282,7.17,1.02,4.3,0.64,Benowitz et al 2022
10ANK004,63.7761,-147.2276,7.87,1.09,,,Benowitz et al 2022
01PIL,63.5398,-146.0466,2.99,0.92,,,Benowitz et al 2022
2008MBW550B,63.8532,-147.5443,9.26,1.09,4.3,0.64,Benowitz et al 2022
2008LF196A,63.8434,-147.6087,4.12,0.66,,,Benowitz et al 2022
03PH401A,61.58353,-152.39147,23.4,4.3,,,Benowitz et al 2012
03PH402A,61.60664,-152.36806,7.9,1.3,,,Benowitz et al 2012
03PH403A,61.61096,-152.35458,5.8,0.8,,,Benowitz et al 2012
03PH404A,61.62679,-152.33105,16.6,2.2,,,Benowitz et al 2012
03PH405A,61.65242,-152.33069,11.2,5.8,,,Benowitz et al 2012
03PH406A,61.65546,-152.31454,11.6,2.5,,,Benowitz et al 2012
03PH408A,61.67676,-152.28687,22.3,2.1,,,Benowitz et al 2012
02PH332A,61.66985,-152.08268,35.5,2.7,,,Benowitz et al 2012
01PH426A,61.73477,-152.07037,23.1,2.9,,,Benowitz et al 2012
02CH34,60.41838,-141.7631,,,1.96,,Berger et al 2008
02CH31,60.28552,-141.4541,,,0.71,,Berger et al 2008
05STP36,60.55415,-141.74559,,,9.03,,Berger et al 2008
06STP44,60.75363,-141.92648,,,20.7,,Berger et al 2008
06STP41,60.74383,-141.96478,,,16.9,,Berger et al 2008
06STP46,60.7601,-141.88685,,,27.8,,Berger et al 2008
05STP1,60.4208,-143.5028,,,0.53,0.07,Berger and Spotila 2008
05STP2,60.3931,-143.5422,,,0.44,0.3,Berger and Spotila 2008
05STP3,60.4332,-143.5044,,,0.53,0.1,Berger and Spotila 2008
05STP4,60.3896,-143.6997,,,0.74,0.07,Berger and Spotila 2008
05STP7,60.8838,-143.7637,,,25.1,0.87,Berger and Spotila 2008
05STP11,60.5428,-143.4165,,,1.78,0.83,Berger and Spotila 2008
05STP15,60.2306,-143.9758,,,1.8,0.11,Berger and Spotila 2008
05STP26,60.6469,-143.7903,,,2.28,0.16,Berger and Spotila 2008
05STP27,60.4996,-143.7248,,,0.63,0.11,Berger and Spotila 2008
05STP33,60.6441,-143.7239,,,1.66,0.09,Berger and Spotila 2008
06STP1,60.1686,-140.5297,,,1.55,,Berger and Spotila 2008
06STP3,60.1643,-140.3476,,,7.21,1.16,Berger and Spotila 2008
06STP4,60.2369,-140.4611,,,0.56,0.08,Berger and Spotila 2008
06STP50,60.4488,-143.9837,,,1.09,0.09,Berger and Spotila 2008
06STP71,60.1333,-140.7119,,,3.95,1.06,Berger and Spotila 2008
01CH22,60.9104,-144.315,,,18.9,1.2,Berger and Spotila 2008
01CH25,60.694,-144.3774,,,10.7,1.31,Berger and Spotila 2008
01CH26,60.499,-144.4772,,,2.02,0.14,Berger and Spotila 2008
02CH28,60.2573,-141.1584,,,0.74,0.14,Berger and Spotila 2008
06STP3-1,60.1643,-140.3476,,,7.21,1.16,Berger and Spotila 2008
06STP1-1,60.1686,-140.5297,,,1.55,0.3,Berger and Spotila 2008
06STP4-1,60.2369,-140.4611,,,0.56,0.08,Berger and Spotila 2008
88ML22b,60.09306,-160.6,66.6,4.6,,,Box et al 1993
89ASB101,60.17833,-159.1278,47.5,6.9,,,Box et al 1993
89ASB38,60.08833,-159.2689,90.5,17,,,Box et al 1993
89AJM34,60.05472,-159.2578,29.7,4.2,,,Box et al 1993
99CH1,60.4779,-145.3375,,,7,1,Buscher 2008 Thesis
01CH3,61.1694,-145.7188,,,12.7,1.3,Buscher 2008 Thesis
01CH4,61.5346,-145.3263,,,38.5,2.1,Buscher 2008 Thesis
01CH8,61.2979,-145.3206,,,23.7,1.5,Buscher 2008 Thesis
01CH10,61.0712,-145.9888,,,11.5,0.3,Buscher 2008 Thesis
01CH28,60.4926,-145.251,,,5.76,0.3,Buscher 2008 Thesis
02CH17,61.0708,-145.1978,,,18.1,1.8,Buscher 2008 Thesis
02CH38,60.6935,-146.0412,,,4.77,0.8,Buscher 2008 Thesis
02CH39,61.7754,-148.5029,,,25.2,1.8,Buscher 2008 Thesis
06STP75,61.7762,-148.5007,,,18.1,3.9,Buscher 2008 Thesis
06STP76,60.1041,-149.3612,,,13.5,0.8,Buscher 2008 Thesis
06STP77,60.7759,-148.7096,,,14.9,1.2,Buscher 2008 Thesis
06STP78,61.0318,-149.762,,,22,1.7,Buscher 2008 Thesis
06STP79,60.4863,-150.0463,,,19.9,7.6,Buscher 2008 Thesis
M2-1Z,58.203611,-153.211666666667,64,4,,,Clendenen et al 2003
M-25-88,58.2344444444444,-153.048333333333,55,6,,,Clendenen et al 2003
M-26-88,58.24,-153.038333333333,77,10,,,Clendenen et al 2003
M-19-88,58.2177777777778,-153.002222222222,53,5,,,Clendenen et al 2003
P-1-87,57.9416666666667,-153.074444444444,44,4,,,Clendenen et al 2003
P-2-87,57.9191666666667,-152.823611111111,40,5,,,Clendenen et al 2003
P-5-87,57.8713888888889,-152.636388888889,29,3,,,Clendenen et al 2003
P-5-87,57.8713888888889,-152.636388888889,36,4,,,Clendenen et al 2003
TLP-95,57.6622222222222,-152.973611111111,34,2,,,Clendenen et al 2003
TL-2-87,57.6580555555556,-152.975833333333,34,2,,,Clendenen et al 2003
TS-1-87,57.1988888888889,-153.508888888889,35,2,,,Clendenen et al 2003
TS-4-87,57.1952777777778,-153.507777777778,32,2,,,Clendenen et al 2003
TS-7-87,57.1902777777778,-153.506111111111,28,2,,,Clendenen et al 2003
TS-9-87,57.185,-153.503888888889,30,2,,,Clendenen et al 2003
H1-10Z,57.5261111111111,-153.507777777778,25,2,,,Clendenen et al 2003
V-3-87,60.9841666666667,-149.551111111111,66,7,,,Clendenen et al 2003
KL1,55.338,-131.4504,24.3,2.2,,,Cook et al 1991
LT1,55.3263,-131.4846,34.1,4,,,Cook et al 1991
LT2,55.3202,-131.4532,45,5.5,,,Cook et al 1991
LT3,55.3021,-131.4816,51.3,5.7,,,Cook et al 1991
MB1,55.2599,-131.244,33.9,2.1,,,Cook et al 1991
MB2,55.2526,-131.2976,35,2.2,,,Cook et al 1991
91ADb26,64.2342,-143.6367,73,5.5,,,Dusel-bacon et al 2016
10ADb23,64.2383,-143.8103,55.5,3.2,,,Dusel-bacon et al 2016
10ADb25,64.2089,-143.7989,36.4,2.7,,,Dusel-bacon et al 2016
10ADb30,64.285,-143.2733,52.8,2.9,,,Dusel-bacon et al 2016
10ADb17,64.31139,-143.14167,47.5,2.4,,,Dusel-bacon et al 2016
10ADb22,64.29611,-143.11194,43.2,2.1,,,Dusel-bacon et al 2016
08ADb19,64.2361,-143.0828,47.4,1.9,,,Dusel-bacon et al 2016
08Adb03,64.2175,-142.9089,36.7,2.4,,,Dusel-bacon et al 2016
08ADb08,64.2144,-142.8842,41.5,2.4,,,Dusel-bacon et al 2016
81A5,64.21326,-143.00528,39.6,2.1,,,Dusel-bacon et al 2016
09AD-240,64.1877,-143.131,48.9,3.9,,,Dusel-bacon et al 2016
91ADb35,64.1511,-143.1267,46.7,2.8,,,Dusel-bacon et al 2016
09AD-319,64.1104,-143.1803,41,2.6,,,Dusel-bacon et al 2016
09AD-338,64.10511,-143.11206,41.2,1.9,,,Dusel-bacon et al 2016
08AD-100,64.1016,-143.1905,39.2,1.9,,,Dusel-bacon et al 2016
91ADb36D,64.0964,-143.2261,33.3,1.6,,,Dusel-bacon et al 2016
08ADb22,64.093,-143.1458,50.2,2.4,,,Dusel-bacon et al 2016
8A5-4,64.0599,-143.1701,48.7,2.2,,,Dusel-bacon et al 2016
09AD-343,64.03307,-143.22725,18.6,2.3,,,Dusel-bacon et al 2016
08AD-052,64.0286,-143.2464,42.4,2.5,,,Dusel-bacon et al 2016
08ADb20,64.0089,-143.3097,44.5,15.8,,,Dusel-bacon et al 2016
150A5,64.02187,-143.09274,27.1,1.3,,,Dusel-bacon et al 2016
08AD-032A,64.053,-143.1248,31.9,1.8,,,Dusel-bacon et al 2016
08ADb24,64.0892,-143.0378,30.7,1.6,,,Dusel-bacon et al 2016
118A5,64.09184,-143.0378,9.5,0.7,,,Dusel-bacon et al 2016
129A5,64.11456,-143.01266,28.6,1.5,,,Dusel-bacon et al 2016
10AD-368,64.20405,-142.82817,43.6,2,,,Dusel-bacon et al 2016
09AD-264,64.2058,-142.8089,29.2,2.1,,,Dusel-bacon et al 2016
LWM 07-09-208,64.2341,-142.82328,38.3,5,,,Dusel-bacon et al 2016
LWM 07-06-124,64.2353,-142.8269,46.6,2.9,,,Dusel-bacon et al 2016
07ADb01A,64.2568,-142.7,36.9,2,,,Dusel-bacon et al 2016
71AFr965,64.2053,-142.6138,69.1,3,,,Dusel-bacon et al 2016
91ADb29,64.3314,-143.3317,70.5,2.8,,,Dusel-bacon et al 2016
73AWr88A,64.6735,-146.925,15.11,0.15,,,Dusel-Bacon and Murphy 2001
79AFr4010,64.6246666666667,-145.669666666667,14.34,0.21,,,Dusel-Bacon and Murphy 2001
91ADb26,64.2338333333333,-143.635333333333,14.17,0.27,,,Dusel-Bacon and Murphy 2001
91ADb36D,64.0911666666667,-143.222333333333,13.54,0.25,,,Dusel-Bacon and Murphy 2001
91ADb35,64.1506666666667,-143.122666666667,13.86,0.23,,,Dusel-Bacon and Murphy 2001
91ADb10,64.1681666666667,-141.555333333333,14.11,0.14,,,Dusel-Bacon and Murphy 2001
91ADb3,63.9885,-141.285666666667,15.19,0.46,,,Dusel-Bacon and Murphy 2001
90ET11,63.9386666666667,-141.055666666667,13.15,0.65,,,Dusel-Bacon and Murphy 2001
90ADb6B,63.7725,-141.102,12.48,0.63,,,Dusel-Bacon and Murphy 2001
90ADb17A,63.8596666666667,-141.505666666667,14.68,0,,,Dusel-Bacon and Murphy 2001
90ADb24,63.8351666666667,-141.542833333333,13.34,0.45,,,Dusel-Bacon and Murphy 2001
90ADb28,63.8088333333333,-142.6015,114.87,0.22,,,Dusel-Bacon and Murphy 2001
6EUT1,61.26255,-141.8674,,,4.5,1,Enkelmann et al 2010
6EUT10 ,61.03983,-141.5681,,,4.3,1,Enkelmann et al 2010
6EUT11,61.04637,-141.5634,,,4.1,1,Enkelmann et al 2010
6EUT2,61.18678,-141.7946,,,12.1,3,Enkelmann et al 2010
6EUT4,61.21707,-141.82,,,4.6,1,Enkelmann et al 2010
6EUT40,60.9025,-141.1768,,,9.9,2,Enkelmann et al 2010
6EUT41,60.94577,-141.1947,,,21.9,2,Enkelmann et al 2010
6EUT42,60.95223,-141.2001,,,24,2,Enkelmann et al 2010
6EUT5,61.13647,-141.943,,,5.8,1,Enkelmann et al 2010
6EUT9,61.02205,-141.534,,,8,1,Enkelmann et al 2010
YA-6,60.0635833333333,-140.435083333333,,,0.2,0,Enkelmann et al 2015
YA-7,60.0665333333333,-140.420983333333,,,0.18,0.1,Enkelmann et al 2015
YA-8,60.0999,-140.38765,,,3.42,1.5,Enkelmann et al 2015
YA-9,60.1103166666667,-140.369833333333,,,3.08,1.6,Enkelmann et al 2015
YA-10,60.0597833333333,-140.365333333333,,,0.64,0.1,Enkelmann et al 2015
YA-11,60.0618,-140.347266666667,,,0.24,0.05,Enkelmann et al 2015
YA-12,60.04305,-140.360166666667,,,0.15,0.01,Enkelmann et al 2015
YA-13,60.0466666666667,-140.355283333333,,,0.32,0.1,Enkelmann et al 2015
YA-14,60.0522166666667,-140.35025,,,0.3,0.07,Enkelmann et al 2015
YA-15,60.0573333333333,-140.347733333333,,,0.17,0.05,Enkelmann et al 2015
YA-17,60.1405333333333,-140.1237,,,0.44,0.29,Enkelmann et al 2015
YA-47,59.8936166666667,-139.634466666667,,,1.05,0.3,Enkelmann et al 2015
YA-49,59.9183166666667,-139.5825,,,0.94,0.19,Enkelmann et al 2015
YA-50,59.9461833333333,-139.619533333333,,,0.66,0.31,Enkelmann et al 2015
YA-51,59.9564833333333,-139.61355,,,0.93,0.28,Enkelmann et al 2015
YA-52/Y-18,59.96705,-139.53092,,,1.26,0.2,Enkelmann et al 2015
YA-53,59.9814166666667,-139.508783333333,,,1.13,0.39,Enkelmann et al 2015
YA-54,59.8414833333333,-139.0606,,,1.88,0.69,Enkelmann et al 2015
Y-09,59.84286,-139.136233333333,,,5.13,2.8,Enkelmann et al 2015
Y-13,59.64701,-139.29627,,,0.54,0.34,Enkelmann et al 2015
Y-12,59.73187,-139.32154,,,1.32,0.64,Enkelmann et al 2015
Y-19,59.59736,-139.34151,,,1,1.1,Enkelmann et al 2015
Y-15,59.85115,-139.31341,,,0.26,0.26,Enkelmann et al 2015
Y-17,59.974,-139.45015,,,1.8,0.66,Enkelmann et al 2015
YA-18 ,60.1255,-140.0602,,,10.8,3.4,Enkelmann et al 2015
YA-19 ,60.13007,-140.0704,,,12.4,0.5,Enkelmann et al 2015
YA-20 ,60.13062,-140.0721,,,13.6,1.8,Enkelmann et al 2015
YA-21,59.98477,-139.9875,,,0.65,0.25,Enkelmann et al 2015
YA-22 ,59.98507,-139.9969,,,2.03,1.5,Enkelmann et al 2015
YA-23,60.00962,-139.9985,,,0.8,0.24,Enkelmann et al 2015
YA-24,60.01817,-139.9952,,,0.35,0.18,Enkelmann et al 2015
YA-26,60.0841,-139.9907,,,1.58,0.85,Enkelmann et al 2015
YA-28 ,60.09332,-140.04,,,2.63,0.45,Enkelmann et al 2015
KLB48,60.3649,-139.9093,,,2,0.2,Enkelmann et al 2017
KLB50,60.331,-140.0898,,,7.1,0.3,Enkelmann et al 2017
KLB53,60.4864,-140.0118,17.9,2.1,0.5,0.2,Enkelmann et al 2017
KLB54,60.5066,-140.023,9.7,1.1,4.6,0.5,Enkelmann et al 2017
KLB04,60.7744,-137.694,,,17.8,1.6,Enkelmann et al 2017
KLB51,60.4403,-139.9197,6,0.4,3.7,0.3,Enkelmann et al 2017
KLB52,60.4432,-139.9587,14.9,2,2.9,0.4,Enkelmann et al 2017
KLB55,60.5497,-140.099,14.3,1.6,3.5,0.3,Enkelmann et al 2017
KLB88,60.9948,-138.4618,81.6,5.6,8.5,1.3,Enkelmann et al 2017
KLB91,60.4086,-137.0494,,,11.4,0.8,Enkelmann et al 2017
KLB11,60.1135,-137.9286,140.2,9.7,,,Enkelmann et al 2017
KLB41,60.4277,-138.2428,100.8,6.2,,,Enkelmann et al 2017
KLB42,60.4027,-138.6824,15.8,1.4,11.7,0.1,Enkelmann et al 2017
KLB43,60.4037,-138.7664,12.3,1.5,5.1,0.8,Enkelmann et al 2017
KLB44,60.4282,-139.0935,,,4.1,0.6,Enkelmann et al 2017
KLB45,60.455,-139.3704,,,4.24,0.04,Enkelmann et al 2017
KLB47,60.4302,-139.5452,4.4,0.7,1.7,0.3,Enkelmann et al 2017
KLB56,60.552,-139.9767,,,4.93,0.1,Enkelmann et al 2017
KLB57,60.555,-139.8976,14.3,1.1,3.05,0.1,Enkelmann et al 2017
KLB58,60.5873,-139.9023,32,2.5,4.56,0.4,Enkelmann et al 2017
KLB59,60.6077,-139.9094,50.4,3.3,7.45,1,Enkelmann et al 2017
KLB60,60.6317,-139.8658,87,8.2,,,Enkelmann et al 2017
KLB61,60.6566,-139.925,45.4,3.2,6.1,0.7,Enkelmann et al 2017
KLB62,60.6706,-139.9312,50.4,4.3,6.9,0.5,Enkelmann et al 2017
KLB63,60.7132,-139.8617,69.9,5.1,5.8,1,Enkelmann et al 2017
KLB64,60.7893,-139.8875,18,1.4,4.5,1.1,Enkelmann et al 2017
KLB68,60.7547,-138.8182,69.4,4.7,42.5,0.7,Enkelmann et al 2017
KLB69,60.1031,-139.1031,101.5,7.1,,,Enkelmann et al 2017
KLB71,60.8329,-139.9355,22.4,1.8,33.1,5.2,Enkelmann et al 2017
KLB72,60.8742,-140.0144,,,2.8,0.7,Enkelmann et al 2017
KLB73,60.9389,-140.13,,,1.2,0.3,Enkelmann et al 2017
KLB74,61.0072,-140.2107,21.4,1.9,,,Enkelmann et al 2017
KLB76,61.1673,-140.2379,,,4.29,0.2,Enkelmann et al 2017
KLB84,61.0599,-139.2632,86.4,5.6,92.7,0.7,Enkelmann et al 2017
KLB05,60.8142,-137.4896,49.2,3.2,39.3,5,Enkelmann et al 2017
KLB86,60.9575,-138.041,46.2,3.1,40.2,0.1,Enkelmann et al 2017
KLB98,60.0468,-138.8838,59.4,3.8,28.3,5.6,Enkelmann et al 2017
KLB107,61.5654,-139.3608,37.1,2.8,19.6,0.9,Enkelmann et al 2017
D-39,63.07,-151.03,16.1,0.8,,,Fitzgerald et al 1995
D-37,63.075,-151.045,13,0.7,,,Fitzgerald et al 1995
D-29,63.074,-151.048,9.7,0.9,,,Fitzgerald et al 1995
D-31,63.074,-151.047,11.2,0.7,,,Fitzgerald et al 1995
D-33,63.073,-151.05,9.1,0.7,,,Fitzgerald et al 1995
D-35,63.072,-151.055,7.7,0.7,,,Fitzgerald et al 1995
D-42,63.064,-151.059,6.1,0.7,,,Fitzgerald et al 1995
D-43,63.068,-151.105,5.7,0.6,,,Fitzgerald et al 1995
D-15,63.062,-151.135,5.3,0.5,,,Fitzgerald et al 1995
D-17,63.057,-151.137,6.1,0.8,,,Fitzgerald et al 1995
D-18,63.055,-151.138,6.2,0.7,,,Fitzgerald et al 1995
D-19,63.052,-151.139,5.2,0.7,,,Fitzgerald et al 1995
D-22,63.046,-151.144,5.7,0.7,,,Fitzgerald et al 1995
D-9,62.983,-151.144,5,0.7,,,Fitzgerald et al 1995
D-50,62.982,-151.154,4.3,0.6,,,Fitzgerald et al 1995
D-61,62.647,-151.25,21.7,0.8,,,Fitzgerald et al 1995
D-62,62.662,-151.273,22.8,0.9,,,Fitzgerald et al 1995
D-63,62.671,-151.225,20.2,0.8,,,Fitzgerald et al 1995
D-64,62.684,-151.201,34.5,1.6,,,Fitzgerald et al 1995
D-65,62.637,-151.255,31.4,0.9,,,Fitzgerald et al 1995
D-67,62.744,-151.221,17.7,0.7,,,Fitzgerald et al 1995
D-68,62.75,-151.382,11.9,0.8,,,Fitzgerald et al 1995
D-69,62.74,-151.375,7.5,0.5,,,Fitzgerald et al 1995
1338-01,64.56955,-149.103833,38.17,39.62,,,Frohman 2014 Thesis
1338-02,64.606233,-149.087883,28.35,4.09,,,Frohman 2014 Thesis
1338-03,64.696883,-148.7634,37.04,14.83,,,Frohman 2014 Thesis
1338-04,64.761,-148.307917,32.66,7.61,,,Frohman 2014 Thesis
1338-05,64.7652,-148.326433,36.51,3.75,,,Frohman 2014 Thesis
1338-07,64.802783,-148.002467,40.47,4.61,,,Frohman 2014 Thesis
1338-08,64.892433,-147.450367,47.31,19.3,,,Frohman 2014 Thesis
1338-09,64.888117,-147.273983,84.69,37.5,,,Frohman 2014 Thesis
1338-10,64.705717,-148.64325,49.89,11.66,,,Frohman 2014 Thesis
1338-12,64.858533,-147.673917,22.98,8.45,,,Frohman 2014 Thesis
1338-13,64.524383,-146.987533,67.96,31.88,,,Frohman 2014 Thesis
1338-15,64.877433,-148.03675,37.72,23.65,,,Frohman 2014 Thesis
1338-16,64.885267,-148.012317,71.08,30.16,,,Frohman 2014 Thesis
1338-17,64.56949,-149.10292,7.79,6.48,,,Frohman 2014 Thesis
0718P1B,61.8797987451352,-147.592910251809,,,32,18,Hacker et al. 2011
1724M01,61.9424738103043,-148.315446271093,,,9.7,0.04,Hacker et al. 2011
0731L02,61.5855246062082,-145.127039052154,,,9,0.05,Hacker et al. 2011
PWS08-2,60.8465,-148.4285,12.4,1.5,6,0.5,Haeussler et al 2015
PWS08-3,60.7864,-148.0963,15.4,1.6,9.1,0.4,Haeussler et al 2015
PWS08-4,60.8925,-147.3416,,,20.7,2.7,Haeussler et al 2015
PWS08-5,60.883,-147.3648,16.4,3,19.7,0.3,Haeussler et al 2015
PWS08-6,60.9511,-147.4103,21.1,1.4,5.6,0.6,Haeussler et al 2015
PWS08-7,61.0029,-147.4182,,,15,3.8,Haeussler et al 2015
PWS08-12,61.051,-147.525,10,1,7.2,0.3,Haeussler et al 2015
PWS08-13,60.9136,-148.0062,10.7,1,4.8,0.2,Haeussler et al 2015
PWS08-16,61.1428,-147.833,6.5,0.8,4,0.6,Haeussler et al 2015
PWS08-21,61.1955,-147.7114,6.5,1.1,3.8,0.7,Haeussler et al 2015
PWS08-24,61.0716,-148.1214,12.6,1.8,4.2,0.3,Haeussler et al 2015
PWS08-31,60.97,-148.1871,12,2.3,3.6,0.6,Haeussler et al 2015
PWS08-32,60.5113,-148.3691,23.5,3.5,15.8,0.4,Haeussler et al 2015
PWS06-1,60.6668,-148.1871,21.5,2.5,10.1,1.2,Haeussler et al 2015
PWS06-2,60.4672,-147.9635,36.6,3.2,12.1,2.3,Haeussler et al 2015
PWS06-3,59.9619,-147.6788,4.4,0.5,1.4,0.1,Haeussler et al 2015
PWS06-5,60.0922,-147.9114,32.6,5.9,9.7,0.9,Haeussler et al 2015
PWS06-9,60.7341,-147.9718,37.4,4.6,16,5,Haeussler et al 2015
PWS06-10,60.81,-147.9706,15.4,1.9,9.7,1.4,Haeussler et al 2015
PWS06-11,60.8734,-147.9294,13.8,1.6,6.6,0.4,Haeussler et al 2015
PWS06-12,60.8863,-148.7093,10.8,2,4.9,0.1,Haeussler et al 2015
WH-PA06-1,60.7756,-148.7093,,,15.7,1.7,Haeussler et al 2015
PWS09-6,61.2605,-147.699,,,3.8,0.5,Haeussler et al 2015
PWS09-7,61.1849,-147.8733,8.4,1,5.3,0.5,Haeussler et al 2015
PWS09-8,61.0617,-148.0014,8.5,1.3,5.2,0.3,Haeussler et al 2015
PWS08-12,61.0558,-148.2532,13.3,1.4,6.4,0.04,Haeussler et al 2015
PWS08-13,61.0586,-148.3879,,,4.9,0.8,Haeussler et al 2015
PWS08-14,61.0977,-148.3292,,,8.2,0.8,Haeussler et al 2015
PWS08-15,61.097,-148.3236,,,5.7,1.5,Haeussler et al 2015
PWS08-16,61.0986,-148.3139,,,6.7,0.2,Haeussler et al 2015
PWS08-17,61.0958,-148.309,,,7.5,0.7,Haeussler et al 2015
PWS08-18,61.0839,-148.2656,,,5.9,0.1,Haeussler et al 2015
PWS10-1,61.3381,-147.5406,,,6.6,0.8,Haeussler et al 2015
PWS10-3,61.4974,-147.8494,,,7.6,1.6,Haeussler et al 2015
PWS10-4,61.6675,-148.2394,,,10.8,1.3,Haeussler et al 2015
PWS10-5,61.6068,-148.1309,,,8.4,1.4,Haeussler et al 2015
PWS10-6,61.3893,-148.1269,,,7.3,1,Haeussler et al 2015
PWS10-7,61.267,-148.5536,,,4.7,0.9,Haeussler et al 2015
PWS10-8,60.7298,-147.4827,16.6,1.8,11.2,1.9,Haeussler et al 2015
PWS10-9,60.6233,-147.4813,21.5,2.1,7.2,1.4,Haeussler et al 2015
PWS10-10,60.5199,-147.4052,17.8,1.7,5.4,1.1,Haeussler et al 2015
PWS10-11,60.4301,-147.4135,13,1.2,6.9,1.4,Haeussler et al 2015
PWS10-12,60.2319,-147.4893,11.2,1.1,4.7,0.5,Haeussler et al 2015
PWS08-6,59.9619,-147.6788,4.4,0.5,1.4,0.2,Haeussler et al 2015
PWS10-13,59.8896,-147.7942,7.3,0.8,1.7,0.6,Haeussler et al 2015
PWS10-14,60.3714,-147.152,9.8,0.9,4.4,0.2,Haeussler et al 2015
PWS10-15,60.344,-147.0334,11.3,1.1,4.3,0.1,Haeussler et al 2015
PWS10-16,60.3065,-146.906,11.4,1.1,4.5,0.9,Haeussler et al 2015
PWS11-1,59.8803,-147.347,18.7,2.3,5.8,0.9,Haeussler et al 2015
PWS11-2,59.9024,-147.4415,9.7,0.9,2.8,0.1,Haeussler et al 2015
PWS11-3,59.9145,-147.6235,7.7,0.7,1.1,0.4,Haeussler et al 2015
PWS11-4,59.9808,-147.5301,4.8,0.6,2,0.6,Haeussler et al 2015
PWS11-5,59.9959,-147.5823,7.4,0.5,1.8,0.6,Haeussler et al 2015
PWS11-6,59.9884,-147.6464,7.5,0.6,2.3,0.2,Haeussler et al 2015
PWS11-7,59.976,-147.4447,10.1,0.8,3.7,0.2,Haeussler et al 2015
PWS11-8,59.9606,-147.3437,11.6,0.9,6.3,1,Haeussler et al 2015
PWS11-9,60.1979,-147.0832,6.7,0.6,3.2,0.8,Haeussler et al 2015
PWS11-10,60.2229,-147.1256,6.3,0.6,3,0.7,Haeussler et al 2015
PWS10-17,60.29,-146.6646,,,5.4,0.8,Haeussler et al 2015
PWS10-18,60.3907,-146.6646,12.3,1.1,3.6,0.2,Haeussler et al 2015
PWS10-19,60.4817,-146.6135,13.9,1,5.1,0.9,Haeussler et al 2015
PWS10-20,60.4717,-146.4744,,,6.4,0.4,Haeussler et al 2015
PWS11-11,60.4118,-146.5495,7.5,0.7,4.8,0.7,Haeussler et al 2015
PWS11-12,60.3957,-146.6794,,,4.4,0.6,Haeussler et al 2015
PWS11-13,60.4044,-146.5061,,,6,0.1,Haeussler et al 2015
PWS11-14,60.3758,-146.5114,12.3,1.2,5.2,0.6,Haeussler et al 2015
PWS11-15,60.2786,-146.5185,8.8,1.2,4.9,1.3,Haeussler et al 2015
PWS11-16,60.3522,-146.1938,8.7,1.4,8.4,1.8,Haeussler et al 2015
PWS10-21,60.5298,-146.1573,,,4.9,0.2,Haeussler et al 2015
PWS10-22,60.6124,-145.857,9.4,0.9,4.6,0.7,Haeussler et al 2015
PWS10-23,60.6034,-145.7414,10.3,1.1,4.1,0.4,Haeussler et al 2015
03PH401A,61.58353,-152.39147,23.4,4.3,7.9,1.4,Haeussler et al 2015
03PH402A,61.60664,-152.36806,7.9,1.3,6.1,0.6,Haeussler et al 2015
03PH403A,61.61096,-152.35458,5.8,0.8,15.8,1.9,Haeussler et al 2015
03PH404A,61.62679,-152.33105,16.6,2.2,,,Haeussler et al 2015
03PH405A,61.65242,-152.33069,11.2,5.8,19.9,2.9,Haeussler et al 2015
03PH406A,61.65546,-152.31454,11.6,2.5,,,Haeussler et al 2015
03PH407A,61.6669,-152.30583,23,2,39.7,2,Haeussler et al 2015
03PH408A,61.67676,-152.28687,22.3,2.1,37.3,1.4,Haeussler et al 2015
02PH332A,61.66985,-152.08268,35.5,2.7,48,1.6,Haeussler et al 2015
01PH426A,61.73477,-152.07037,23.1,2.9,74.8,7.3,Haeussler et al 2015
88AR183,61.394,-153.93,,,2.9,0.2,Lease 2018
79AR010,61.433,-153.884,5.55,1.88,3.5,0.7,Lease 2018
13ATe318,61.439,-153.954,11.01,1.02,7.7,0.3,Lease 2018
13AJJ226,61.4863,-153.8898,13.3,4,6.7,0.8,Lease 2018
92AR630,61.48,-154.055,7.86,1.06,3.6,0.1,Lease 2018
92AR621,61.549,-154.076,,,3.2,1,Lease 2018
88AR193,61.562,-154.12,,,3.9,1.5,Lease 2018
92AR651,61.554,-154.137,,,4.2,0.4,Lease 2018
13AJJ228,61.5377,-154.1672,,,4.8,0.8,Lease 2018
91AR445,61.642,-153.903,15.2,3.6,5.6,0.5,Lease 2018
91AR447,61.682,-153.918,16.3,3.5,6.7,0.6,Lease 2018
88AR198,61.675,-154.156,,,5.1,,Lease 2018
68AR235,61.71,-154.12,7.93,3.53,1.3,,Lease 2018
79AR028,61.748,-154.186,,,3.3,0.9,Lease 2018
13ATe327,61.822,-154.118,17,1.6,6,,Lease 2018
15PH-topsy,58.3919,-137.0746,5.16,0.63,0.33,0.08,Lease et al 2021
16ALR004,58.5862,-137.3725,,,0.45,0.04,Lease et al 2021
76DB296A,58.6583,-137.4869,0.81,0.39,0.31,0.04,Lease et al 2021
76CN147A,58.7794,-137.6722,,,0.47,0.02,Lease et al 2021
76BJ168A,58.8653,-137.7947,,,1.32,0.12,Lease et al 2021
77BJ011A,58.8731,-137.7967,,,1.17,0.14,Lease et al 2021
68APr77D,59.0025,-138.0242,1.3,0.3,1.83,0.23,Lease et al 2021
03PH305A,59.1281,-138.0839,,,1.82,0.22,Lease et al 2021
68APs57F,59.1967,-138.2117,2.4,0.6,,,Lease et al 2021
68APs64B,59.3325,-138.35,,,1.93,0.13,Lease et al 2021
03PH309A,59.4044,-138.6967,,,2.56,0.17,Lease et al 2021
MGB11,58.28,-136.7756,,,2.83,0.22,Lease et al 2021
76RL160A,58.3997,-136.9328,,,2.83,0.22,Lease et al 2021
76DG026B,58.4058,-137.0228,,,3.44,0.41,Lease et al 2021
77BJ013C,58.4911,-137.0928,,,2.05,0.29,Lease et al 2021
76DG079C,58.5589,-137.2611,,,1.15,0.12,Lease et al 2021
76CN095E,58.6258,-137.3886,,,1.29,0.06,Lease et al 2021
76RL057,58.69,-137.2661,,,1.3,0.1,Lease et al 2021
76DG038A,58.7078,-137.5244,,,1.39,0.15,Lease et al 2021
76DB278C,58.8778,-137.6889,,,1.38,0.16,Lease et al 2021
03PH306A,59.4272,-138.1097,,,5.11,0.33,Lease et al 2021
03PH307A,59.4379,-138.2492,,,2.34,0.23,Lease et al 2021
95APo13,59.6006,-138.5422,,,1.45,0.02,Lease et al 2021
DF-5545,61.7763333333333,-148.497833333333,21.1,4.6,,,Little and Naeser 1989
DF-5541,61.755,-148.502,24.3,6.5,,,Little and Naeser 1989
DF-5553,61.7221666666667,-147.906,21.2,5.9,,,Little and Naeser 1989
DF-5551,61.7163333333333,-147.843666666667,39,12,,,Little and Naeser 1989
DF-5548,61.6858333333333,-147.8185,9.3,3.9,,,Little and Naeser 1989
DF-5555,61.6478333333333,-147.978333333333,17.5,6.5,,,Little and Naeser 1989
DF-5536,61.6596666666667,-147.915166666667,26.8,3.3,,,Little and Naeser 1989
03PH305A,59.1281,-138.0839,,,1.82,0.49,McAleer et al. 2009
03PH306A,59.4272,-138.1097,,,5.11,0.65,McAleer et al. 2009
03PH307A,59.4378,-138.2492,,,2.34,0.33,McAleer et al. 2009
03PH309A,59.4044,-138.6967,,,2.56,0.17,McAleer et al. 2009
03PH310A,59.9417,-139.2331,,,1.67,0.12,McAleer et al. 2009
03PH311A,60.0225,-139.2331,,,0.89,0.11,McAleer et al. 2009
69APR31B,60.2867,-139.1983,,,3.62,0.34,McAleer et al. 2009
69APR32A,60.3017,-139.6017,,,1.9,0.14,McAleer et al. 2009
80APR49A,59.8967,-138.9033,,,1.13,0.08,McAleer et al. 2009
89SR29,58.8958,-136.9125,,,9.09,0.44,McAleer et al. 2009
95APo13,59.6006,-138.5422,,,1.45,0.04,McAleer et al. 2009
95APo21,59.8144,-138.9167,,,2.5,0.51,McAleer et al. 2009
MGB1,58.7573,-136.2563,,,4.34,0.88,McAleer et al. 2009
MGB2,58.8959,-136.6648,,,2.5,0.3,McAleer et al. 2009
MGB3,58.9718,-136.9458,,,17.9,0.25,McAleer et al. 2009
MGB4,58.8899,-136.9171,,,6.21,1.15,McAleer et al. 2009
MGB5,58.8941,-136.923,,,5.9,0.42,McAleer et al. 2009
MGB6,58.8982,-136.9256,,,8.14,1.44,McAleer et al. 2009
MGB7,58.8484,-137.1213,,,2.31,0.16,McAleer et al. 2009
MGB8,58.7254,-136.4105,,,2.15,0.17,McAleer et al. 2009
MGB9,58.6066,-136.4647,,,4.18,0.7,McAleer et al. 2009
MGB10,58.3315,-136.2065,,,5.5,0.35,McAleer et al. 2009
MGB11,58.28,-136.7756,,,2.83,0.31,McAleer et al. 2009
MGB12,58.3979,-137.0723,,,0.93,0.51,McAleer et al. 2009
01-55,60.1866,-141.0804,28.7,4,,,Meigs et al 2008
01-34a,60.2134,-142.627,6.3,1.4,,,Meigs et al 2008
01-41a,60.0592,-141.94,31.5,3.8,,,Meigs et al 2008
01-53a,60.4181,-142.5119,3.4,1.2,,,Meigs et al 2008
02-31,60.2855,-141.764,3.8,0.9,,,Meigs et al 2008
01-39a,60.2625,-143.3121,4,1.3,,,Meigs et al 2008
01-48a,60.7911,-142.6368,5,2.4,,,Meigs et al 2008
01-19a,60.2926,-142.3558,5.5,2,,,Meigs et al 2008
01-43a,60.1809,-141.1756,5.7,2.3,,,Meigs et al 2008
01-36a,60.334,-142.601,5.8,2.4,,,Meigs et al 2008
01-32a,60.3434,-142.4418,6.2,2.2,,,Meigs et al 2008
01-49a,60.6793,-142.534,13.3,1.3,,,Meigs et al 2008
99-2,60.7203,-142.5435,13.8,1.4,,,Meigs et al 2008
01-45a,60.6572,-142.4146,14.5,1.3,,,Meigs et al 2008
01-47a,60.7672,-142.6065,27.3,2.7,,,Meigs et al 2008
01TOT,62.26423,-142.52231,24.5,2.3,,,Milde 2014 Thesis
02TOT,62.27037,-142.54372,23.7,1.6,,,Milde 2014 Thesis
08TOT,62.24857,-142.51443,30.5,1.9,,,Milde 2014 Thesis
11TOT,62.27223,-142.50189,142.4,8.8,,,Milde 2014 Thesis
12TOT,62.28592,-142.52542,144.6,14.9,,,Milde 2014 Thesis
13TOT,62.24405,-142.5274,42.9,3.4,,,Milde 2014 Thesis
15TOT,62.23932,-142.53941,53.2,4.9,,,Milde 2014 Thesis
18TOT,62.23455,-142.55536,70.9,11.1,,,Milde 2014 Thesis
20TOT,62.2255,-142.4329,20.2,2.4,,,Milde 2014 Thesis
21TOT,62.2529,-142.52852,92.8,9.5,,,Milde 2014 Thesis
23TOT,62.24762,-142.54596,94.4,10,,,Milde 2014 Thesis
24TOT,62.2621,-142.52942,56,5.1,,,Milde 2014 Thesis
25TOT,62.20358,-142.43341,85.8,8.8,,,Milde 2014 Thesis
26TOT,62.20269,-142.4352,80.1,6,,,Milde 2014 Thesis
30TOT,62.265721,-142.473131,190.4,16.6,,,Milde 2014 Thesis
31TOT,62.219434,-142.516282,48.9,4.1,,,Milde 2014 Thesis
39TOT,62.2255,-142.4329,71.7,7,,,Milde 2014 Thesis
40TOT,62.24405,-142.5274,77.7,6,,,Milde 2014 Thesis
16TOT,62.23909,-142.49872,60.1,3.7,,,Milde 2014 Thesis
5924,60.6033333333333,-140.515,36,3,,,O'Sullivan and Currie 1996
5645,60.625,-140.663333333333,40.2,4.3,,,O'Sullivan and Currie 1996
5540,60.6,-140.516666666667,39.9,3.1,,,O'Sullivan and Currie 1996
5371,60.6133333333333,-140.496666666667,25.6,2.6,,,O'Sullivan and Currie 1996
5330,60.5833333333333,-140.416666666667,40.3,2.5,,,O'Sullivan and Currie 1996
5230,60.6,-140.533333333333,27.8,2,,,O'Sullivan and Currie 1996
5050,60.625,-140.566666666667,36.6,3,,,O'Sullivan and Currie 1996
4660,60.62,-140.66,14.6,1.4,,,O'Sullivan and Currie 1996
4400,60.625,-140.663333333333,14.5,1.5,,,O'Sullivan and Currie 1996
3335,60.6166666666667,-140.016666666667,25.7,2.4,,,O'Sullivan and Currie 1996
3290,60.6216666666667,-140.718333333333,9,0.9,,,O'Sullivan and Currie 1996
2470,60.5,-140.366666666667,3.7,0.3,,,O'Sullivan and Currie 1996
1783,60.45,-140.266666666667,4,0.4,,,O'Sullivan and Currie 1996
D-39,63.0703333333333,-151.022,16.1,0.8,,,Perry 2014 Thesis
D-37,63.0761666666667,-151.042666666667,13,0.7,,,Perry 2014 Thesis
D-29,63.078,-151.050666666667,9.7,0.9,,,Perry 2014 Thesis
D-31,63.077,-151.055166666667,11.2,0.7,,,Perry 2014 Thesis
D-33,63.076,-151.0595,9.1,0.7,,,Perry 2014 Thesis
D-35,63.0751666666667,-151.063333333333,7.7,0.7,,,Perry 2014 Thesis
D-42,63.0655,-151.063333333333,6.1,0.7,,,Perry 2014 Thesis
D-43,63.069,-151.105,5.7,0.6,,,Perry 2014 Thesis
D-15,63.062,-151.135833333333,5.3,0.5,,,Perry 2014 Thesis
D-17,63.0576666666667,-151.139,6.1,0.8,,,Perry 2014 Thesis
D-18,63.0561666666667,-151.137833333333,6.2,0.7,,,Perry 2014 Thesis
D-19,63.054,-151.142333333333,5.2,0.7,,,Perry 2014 Thesis
D-22,63.0463333333333,-151.147833333333,5.7,0.7,,,Perry 2014 Thesis
D-9,63.9816666666667,-151.170166666667,5,0.7,,,Perry 2014 Thesis
D-50,63.9786666666667,-151.188,4.3,0.6,,,Perry 2014 Thesis
D-69,62.7305,-151.374333333333,7.5,0.5,,,Perry 2014 Thesis
05jb01,63.62,-146.89,6.7,1.9,,,Perry 2014 Thesis
08jb03BAL,63.62,-146.925,10.5,1.8,,,Perry 2014 Thesis
08jb20BAL,63.606,-146.949,14.8,1.6,,,Perry 2014 Thesis
08jb21BAL,63.617,-146.898,14.6,2,,,Perry 2014 Thesis
08jb16BAL,63.6,-146.938,15,2.3,,,Perry 2014 Thesis
08jb13BAL,63.648,-147.091,40.9,5.9,,,Perry 2014 Thesis
07jb01,63.61,-147.28,5.5,0.8,,,Perry 2014 Thesis
07jb02,63.61,-147.28,9.3,1.2,,,Perry 2014 Thesis
07jb26,63.59,-147.35,7.1,0.7,,,Perry 2014 Thesis
07jb04,63.61,-147.27,8.6,1,,,Perry 2014 Thesis
07jb24,63.6,-147.34,3.1,0.5,,,Perry 2014 Thesis
07jb25,63.59,-147.35,3.6,0.5,,,Perry 2014 Thesis
07jb13,63.6,-147.18,5.4,0.6,,,Perry 2014 Thesis
07jb14,63.6,-147.18,6.2,0.7,,,Perry 2014 Thesis
07jb12,63.58,-147.21,4.3,0.5,,,Perry 2014 Thesis
07jb15,63.59,-147.18,3.4,0.4,,,Perry 2014 Thesis
07jb16,63.59,-147.17,4.4,0.5,,,Perry 2014 Thesis
07jb17,63.59,-147.17,3.6,0.4,,,Perry 2014 Thesis
07jb05,63.57,-147.3,4.8,0.6,,,Perry 2014 Thesis
07jb05,63.57,-147.3,5.1,0.6,,,Perry 2014 Thesis
07jb07,63.57,-147.29,4.1,0.5,,,Perry 2014 Thesis
07jb08,63.57,-147.29,3.4,0.4,,,Perry 2014 Thesis
07jb18,63.55,-147.26,2.7,0.3,,,Perry 2014 Thesis
07jb20,63.54,-147.31,3,0.5,,,Perry 2014 Thesis
07jb21,63.54,-147.31,2.5,0.6,,,Perry 2014 Thesis
07jb23,63.54,-147.32,8.5,1.2,,,Perry 2014 Thesis
07jb26,63.54,-147.71,3.3,0.6,,,Perry 2014 Thesis
07jb38,63.55,-147.7,12.5,1.7,,,Perry 2014 Thesis
07jb37,63.54,-147.7,6,1.2,,,Perry 2014 Thesis
07jb48,63.56,-147.85,9.8,3,,,Perry 2014 Thesis
07jb35,63.53,-147.73,6.2,1,,,Perry 2014 Thesis
07jb34,63.52,-147.73,6.8,0.9,,,Perry 2014 Thesis
06jb04,63.52,-147.85,3.6,2.3,,,Perry 2014 Thesis
07jb44,63.52,-147.9,43.1,16.2,,,Perry 2014 Thesis
07jb46,63.55,-147.85,20,4.9,,,Perry 2014 Thesis
07jb42,63.5,-147.92,7.1,1.7,,,Perry 2014 Thesis
06jb05,63.51,-147.84,1.2,0.3,,,Perry 2014 Thesis
07jb33,63.52,-147.74,5.1,0.9,,,Perry 2014 Thesis
07jb31,63.51,-147.77,6.4,1.7,,,Perry 2014 Thesis
06jb02,63.53,-147.87,4,1.5,,,Perry 2014 Thesis
07jb45,63.54,-147.87,6,0.9,,,Perry 2014 Thesis
06jb01,63.53,-147.88,0.9,0.6,,,Perry 2014 Thesis
07jb32,63.51,-147.73,6.3,0.7,,,Perry 2014 Thesis
07jb27,63.5,-147.79,5.7,0.6,,,Perry 2014 Thesis
08jb01MIG,63.59,-146.227,15.9,2.5,,,Perry 2014 Thesis
08jb02P,63.467,-148.735,15.2,1.8,,,Perry 2014 Thesis
08jb26RAP,63.5193,-146.601,40.4,7.8,,,Perry 2014 Thesis
08jb28RAP,63.5148,-146.614,22.3,2.5,,,Perry 2014 Thesis
08jb47RAP,63.5007,-146.503,13.5,1.5,,,Perry 2014 Thesis
08jb03RAP,63.4827,-146.043,14.1,1.1,,,Perry 2014 Thesis
08jb30RAP,63.516,-146.685,29.7,4.2,,,Perry 2014 Thesis
08jb34RAP,63.507,-146.555,16.4,1.4,,,Perry 2014 Thesis
08jb43RAP,63.4934,-146.42,13.2,2,,,Perry 2014 Thesis
08jb01RAP,63.475,-146.002,16.4,2,,,Perry 2014 Thesis
07jb60,63.23,-145.35,35,3,,,Perry 2014 Thesis
07jb59,63.23,-145.34,21.3,2.5,,,Perry 2014 Thesis
07jb61,63.23,-145.33,29.2,2.4,,,Perry 2014 Thesis
08jb23RAP,63.4492,-146.452,23.9,1.7,,,Perry 2014 Thesis
08jb05RAP,63.4337,-146.541,35.4,2.6,,,Perry 2014 Thesis
08jb09RAP,63.4345,-146.528,30.6,2.7,,,Perry 2014 Thesis
08jb12RAP,63.4621,-146.554,21.1,2,,,Perry 2014 Thesis
08jb16RAP,63.4635,-146.503,30.1,1.5,,,Perry 2014 Thesis
08jb45RAP,63.4723,-146.431,35.3,1.8,,,Perry 2014 Thesis
08jb11RAP,63.4494,-146.5397,14.4,1.5,,,Perry 2014 Thesis
07jb52,63.49,-147.89,42.8,2.4,,,Perry 2014 Thesis
07jb51,63.5,-147.89,5.7,1.1,,,Perry 2014 Thesis
EAR 10-05,61.5231,-147.434066666667,8.9,1.6,1.9,0.3,Riccio et al 2014
EAR 10-06,61.5242,-147.4049,7.5,1.7,2,0.7,Riccio et al 2014
EAR 10-15,63.43765,-147.100516666667,33.2,3.3,,,Riccio et al 2014
EAR 10-16,63.43515,-147.104,35.5,2.4,,,Riccio et al 2014
EAR 10-17,63.4299166666667,-147.123683333333,39,2.7,,,Riccio et al 2014
EAR 10-18,63.42825,-147.129666666667,42.7,2.5,,,Riccio et al 2014
EAR 10-19,63.43055,-147.133066666667,39.7,2.3,,,Riccio et al 2014
EAR 10-20,63.4298666666667,-147.13115,39.9,2.4,,,Riccio et al 2014
EAR 10-08,63.4143833333333,-147.059166666667,33.3,3.3,,,Riccio et al 2014
EAR 10-10,63.4140666666667,-146.7815,28.3,2.3,,,Riccio et al 2014
EAR 10-21,61.4875,-147.166533333333,34.3,2.5,18,11,Riccio et al 2014
EAR 10-22,61.4892833333333,-147.169883333333,31.7,2.2,13,3,Riccio et al 2014
EAR 10-23,61.48745,-147.179416666667,38.3,2.4,15.3,2.1,Riccio et al 2014
EAR 10-24,61.4849166666667,-147.184866666667,27.6,1.8,16,3.2,Riccio et al 2014
EAR 10-25,61.4826666666667,-147.1908,41.6,4.1,8.4,5.5,Riccio et al 2014
EAR 10-26,61.4779666666667,-147.1514,38.4,4,18.7,6.3,Riccio et al 2014
EAR 10-27,61.4719833333333,-147.1682,32.5,2.7,22.8,7.4,Riccio et al 2014
EAR 10-28,61.4666166666667,-147.22425,38,2.3,24.2,3.4,Riccio et al 2014
01CH56,60.2395,-141.1187,,,5.8,,Spotila et al 2004
02CH28,60.2904,-141.1813,,,4.8,,Spotila et al 2004
99CH2z,60.7203,-142.5435,,,26,2.1,Spotila et al 2004
01CH39z,60.2625,-143.3121,,,47.7,7.6,Spotila et al 2004
01CH55z,60.1866,-141.0804,,,31.8,2.5,Spotila et al 2004
01CH43,60.1809,-141.1756,5.7,2.3,1,,Spotila et al 2004
02CH31,60.2855,-141.764,3.8,0.9,1.2,,Spotila et al 2004
02CH32,60.3429,-141.7672,,,1.5,,Spotila et al 2004
01CH45,60.6572,-142.4146,14.5,1.3,9.7,,Spotila et al 2004
01CH49,60.6793,-142.534,13.3,1.3,13,,Spotila et al 2004
99CH2,60.7203,-142.5435,13.8,1.4,8.2,,Spotila et al 2004
01CH47,60.7672,-142.6065,27.3,2.7,13.3,,Spotila et al 2004
01CH48,60.7911,-142.6368,5,2.4,16,,Spotila et al 2004
01Sov,62.19,-148.46,49.82,8.09,45.3,5.3,Terhune et al 2019
02Sov,62.19,-148.49,48.31,7.9,,,Terhune et al 2019
03Sov,62.18,-148.51,51.2,6.92,,,Terhune et al 2019
06Sov,62.15,-148.53,42.63,4.26,37.5,4.2,Terhune et al 2019
08Sov,62.12,-148.58,56.73,7.09,,,Terhune et al 2019
10Sov,62.12,-148.6,45.08,6.07,,,Terhune et al 2019
11Sov,62.12,-148.62,58.34,13.38,,,Terhune et al 2019
12Sov,62.12,-148.63,51.96,8.31,,,Terhune et al 2019
13Sov,62.12,-148.63,74.23,10.39,44.1,3.33,Terhune et al 2019
05Talk,62.03,-148.69,51.21,6.07,40.1,,Terhune et al 2019
07Talk,62.04,-148.68,63.62,7.24,,,Terhune et al 2019
13Talk,62.02,-148.74,57.8,5.72,32.33,3.81,Terhune et al 2019
14Talk,62.08,-148.82,55.03,7.14,43.6,11.03,Terhune et al 2019
01King,61.84,-148.64,44.8,5,42.38,6.86,Terhune et al 2019
02King,61.9,-148.65,52.79,3.06,12.13,0.76,Terhune et al 2019
03King,61.92,-148.7,34.2,5.92,20.85,3.01,Terhune et al 2019
04King,61.96,-148.76,44.03,5.53,33.37,3.13,Terhune et al 2019
05King,61.78,-148.68,31.23,4.92,,,Terhune et al 2019
01Trop,61.78,-149.11,58.23,4.22,10.54,0.41,Terhune et al 2019
01Chic,61.88,-148.43,63,20.9,44.62,11.18,Terhune et al 2019
01Devil,62.69,-150.24,41.05,12.79,,,Terhune et al 2019
81COL,63.2706,-145.2977,14.66,1.03,,,Waldien et al 2018
01CAN,63.3369,-145.6084,14.68,0.99,,,Waldien et al 2018
14ARW-34B,63.2643,-145.623,14.03,1.32,,,Waldien et al 2018
14ARW-45,63.2321,-145.5566,13.75,1.67,,,Waldien et al 2018
14ARW-50,63.2483,-145.4094,14.34,1.76,,,Waldien et al 2018
14ARW-52,63.2675,-145.4022,13.85,1.32,,,Waldien et al 2018
15ATW47,63.3678,-145.816,,,6.1,3.8,Waldien et al 2022
15ATW51,63.3513,-145.8205,,,5.6,1.6,Waldien et al 2022
18ATW22,63.3363,-145.7662,,,2.2,0.5,Waldien et al 2022
18ATW13,63.3093,-145.91,,,31.1,1.3,Waldien et al 2022
05MET,63.4297,-146.0075,,,5.3,0.7,Waldien et al 2022
18ATW25,63.4117,-146.0749,,,6.3,0.4,Waldien et al 2022
15ATW29,63.3636,-146.0478,,,15.6,2.9,Waldien et al 2022
15ATW32,63.3607,-146.055,,,16,2.5,Waldien et al 2022
16ATW29,63.3522,-146.1665,,,13.1,5.2,Waldien et al 2022
15ATW26,63.3417,-146.0938,,,13.6,0.6,Waldien et al 2022
16ATW77,63.3432,-146.1527,,,20,1.2,Waldien et al 2022
15ATW03,63.3108,-146.0669,,,19.7,1.1,Waldien et al 2022
45RAP,63.47,-146.43,,,14.1,0.85,Waldien et al 2022
23RAP,63.4345,-146.5277,,,16.6,4.2,Waldien et al 2022
13DR129,63.3281,-146.3097,,,18.9,4.4,Waldien et al 2022
19ATW21,63.3038,-146.3163,,,40.3,2.4,Waldien et al 2022
12CSR19,63.5053,-146.7695,,,3.2,0.5,Waldien et al 2022
18ATW19,63.4486,-146.8351,,,18.7,1.8,Waldien et al 2022
19ATW79,63.3548,-146.6812,,,14.2,1.8,Waldien et al 2022
19ATW66,63.3473,-146.813,,,13.9,1.8,Waldien et al 2022
19ATW38,63.3212,-146.6586,,,16.9,0.5,Waldien et al 2022
15DR140,63.3054,-146.6025,,,46.1,18.3,Waldien et al 2022
13ET270,63.2202,-146.7074,,,47.3,12.7,Waldien et al 2022
18ATW21,63.307,-146.9629,,,30.9,3.1,Waldien et al 2022
19ATW55,63.2699,-146.8861,,,13.2,3.7,Waldien et al 2022
13RN372,63.2166,-146.8624,,,44.5,2.1,Waldien et al 2022
19ATW41,63.2412,-147.3093,,,36.2,1.7,Waldien et al 2022
17ATW03,63.2163,-147.0698,,,28.4,2.1,Waldien et al 2022
07CSR08,63.1441,-147.1886,,,22.1,0.5,Waldien et al 2022
02WIN,63.4506,-145.9398,,,3.9,0.8,Waldien et al 2022
17AK01,63.392,-145.7414,5.6,0.8,,,Warfel 2018 Thesis
PF01DON,63.6762,-145.8817,89.9,10.3,,,Warfel 2018 Thesis
17AK3B,63.2893,-145.2391,41,10.4,,,Warfel 2018 Thesis
17AK15,63.2447,-144.9818,37.7,10.4,,,Warfel 2018 Thesis
DR001,63.2159,-144.3,40.7,2.4,,,Warfel 2018 Thesis
63CONG,63.2159,-144.6935,13,7.7,,,Warfel 2018 Thesis
17AK06,63.2693,-145.2131,7.9,1.3,,,Warfel 2018 Thesis
46CONG,63.2201,-144.8842,22.7,5.1,,,Warfel 2018 Thesis
10KIM,63.175,-144.7293,60.6,12,,,Warfel 2018 Thesis
02KIM,63.1571,-144.6592,75.2,8.4,,,Warfel 2018 Thesis
08CONG,63.239,-145.2528,13.9,2.2,,,Warfel 2018 Thesis
17AK07,63.2494,-145.2559,15.7,2.1,,,Warfel 2018 Thesis
17AK08,63.2462,-145.2565,12.6,2.5,,,Warfel 2018 Thesis
17AK13,63.2419,-145.2342,8.3,1,,,Warfel 2018 Thesis
17AK09,63.2393,-145.2824,6.8,0.6,,,Warfel 2018 Thesis
17AK11,63.235,-145.2893,28.3,6,,,Warfel 2018 Thesis
15DR001,63.21594,-144.30001,,,6.97,0.23,Warfel 2018 Thesis
17AK15,63.24472,-144.98183,,,17.93,3.53,Warfel 2018 Thesis
02KIM,62.26423,-142.52231,,,9.57,0.63,Warfel 2018 Thesis
17AK05,63.28776667,-145.31025,,,9.87,1.44,Warfel 2018 Thesis
17AK07,63.24938333,-145.2559167,,,2.17,0.2,Warfel 2018 Thesis
17AK08,63.2416667,-145.2565333,,,1.68,0.2,Warfel 2018 Thesis
17AK13,63.24185,-145.2341667,,,1.97,0.1,Warfel 2018 Thesis
08CONG,63.239,-145.2528,,,1.7,0.1,Warfel 2018 Thesis
15PF01DON,63.6762,-145.8817,,,49.5,10.9,Warfel 2018 Thesis
50GUNN,63.1232,-145.4727,,,31.7,0.37,Warfel 2018 Thesis
